,date,nepse_index,momentum,EMA,MACD,RSI,STOCHRSI,ROI,ATR,ADX,williams,CCI
23,2018-07-15,1814.4300537109373,-84.81994628906273,1837.5859598239765,-6.76220908913092,0.27510185608084575,0.0,1.014784223238576,125.47998046875,-5.770594378585853,0.6759639742706735,1829.1500244140625
24,2018-07-16,1846.719970703125,-51.1199951171875,1839.013105252454,-5.540792823470383,0.5813672499737337,0.06324015529989775,0.9999177040691206,124.0699462890625,-5.486751135702418,0.41202560850704606,1839.4433186848958
25,2018-07-17,1793.6099853515625,-17.81005859375,1831.9360635510554,-8.254246572394322,0.41172806929308325,0.21411145747553567,1.029162977048037,72.949951171875,-5.208679577634505,0.7280331857444537,1804.6999918619792
26,2018-07-18,1793.6099853515625,19.8399658203125,1825.9742027136579,-10.271957390237276,0.8037675553391633,1.0,1.0276370045489587,72.949951171875,-4.936358569274326,0.7280331857444537,1804.6999918619792
27,2018-07-19,1808.219970703125,-6.210083007812273,1823.2171358742455,-10.680821256408308,1.6486529970556938,1.0,1.0153875213681445,53.1099853515625,-4.669756951920443,0.7249107629224252,1816.1833089192708
28,2018-07-22,1773.6500244140625,-73.0699462890625,1815.5309281749066,-13.36764796594889,0.5348989382881767,0.09957828986265874,1.026838427470937,73.0699462890625,-0.10403668930303953,1.0,1798.0066731770833
29,2018-07-23,1773.6500244140625,-19.9599609375,1809.0445121081013,-15.310001951036611,0.16662861247936026,0.0,1.0197569867212362,34.5699462890625,0.053210520695632285,1.0,1785.17333984375
30,2018-07-24,1823.780029296875,30.1700439453125,1811.3243627580996,-12.983284363829398,1.8727246404446374,1.0,0.9876662655619934,50.1300048828125,2.625605157249606,0.0,1807.0700276692708
31,2018-07-25,1807.260009765625,-0.9599609375,1810.6960817459594,-12.231167458927757,1.2671762291262971,0.6450678031057085,0.9964642594829313,50.1300048828125,2.719903155892007,0.32954354522542706,1801.5633544921875
32,2018-07-26,1846.760009765625,73.1099853515625,1816.266855631925,-8.576980757528872,1.7543563289521154,0.9306203698078529,0.9791034009758169,73.1099853515625,0.12509955230233635,0.0,1822.3900146484375
33,2018-07-29,1826.6199951171875,52.969970703125,1817.8651029115642,-7.12066847647543,2.444896926268401,1.0,0.9905661852629613,73.1099853515625,0.2765817962434346,0.2754755667312833,1815.6766764322917
34,2018-07-30,1816.6300048828125,-7.1500244140625,1817.6745373126862,-6.647389590116973,1.921328145238737,0.555438923422019,0.994357133291309,39.5,0.4244646688352051,0.7627849337420886,1823.5500081380208
35,2018-07-31,1799.449951171875,-7.81005859375,1814.8638844108782,-7.492588174884304,0.6188305131421927,0.0,1.0041751921533097,47.31005859375,1.0323708437673453,1.0,1815.219970703125
36,2018-08-01,1810.699951171875,-36.06005859375,1814.2219515514273,-7.217925555775082,1.0727105716733236,0.24855616163165312,0.998880016481886,47.31005859375,1.1625035755221143,0.7622070161315292,1818.969970703125
37,2018-08-02,1808.449951171875,-18.1700439453125,1813.3323946372382,-7.090672730417737,0.22699731031832826,0.0,1.0001354994342828,27.1700439453125,1.2895057449185343,0.6687528360971708,1811.5066324869792
38,2018-08-05,1812.68994140625,-3.9400634765625,1813.2334090915215,-6.586867339073706,0.526511458078329,0.17677430026472393,0.9999498234155958,17.1800537109375,1.4134527494509066,0.22933941551382345,1809.5899658203125
39,2018-08-06,1806.6600341796875,7.2100830078125,1812.2208518443344,-6.577554178345963,0.6084058916036976,0.45099042277553913,1.0051143842441153,13.239990234375,1.5344185909067687,0.4554313953273958,1806.2666422526042
40,2018-08-07,1839.0,28.300048828125,1816.345093663394,-4.016345113587249,5.776629465272967,1.0,0.9882664409261998,32.3399658203125,0.3261867552932555,0.0,1828.2200113932292
41,2018-08-08,1876.4599609375,68.010009765625,1825.6018396044026,0.9142261241636334,8.942119152574858,1.0,0.9722253700894355,69.7999267578125,0.283783047709635,0.0,1853.1933186848958
42,2018-08-09,1844.93994140625,32.25,1828.5791924139846,2.3345098854738353,1.9717726074334625,0.17173580349999876,0.9887367779322508,69.7999267578125,0.43108189955487486,0.4515766848956193,1842.6866455078125
43,2018-08-12,1851.6700439453125,45.010009765625,1832.1339144811377,3.9399185638078507,2.0380873121397616,0.17155394909393096,0.9864959386259277,69.7999267578125,0.5748941980689148,0.3551567765708699,1844.9300130208333
44,2018-08-13,1849.1700439453125,10.1700439453125,1834.7562827998552,4.958254617199373,2.2495586525626856,0.03985254439362859,0.9895893500574747,37.4599609375,0.7152997126786037,0.7285089548736933,1854.8766682942708
45,2018-08-14,1847.760009765625,-28.699951171875,1836.7577766787479,5.589483664132786,1.2472479956450284,0.0,0.9929590304455683,31.52001953125,0.8523770041693252,0.9105308816011649,1856.3866373697917
46,2018-08-15,1877.02001953125,32.080078125,1842.9543793036719,8.295921126549047,1.0158074441071792,0.0,0.9810135083635158,32.080078125,0.9713923392735491,0.0,1866.32666015625
47,2018-08-16,1849.77001953125,-1.9000244140625,1844.0032847243474,8.196903849569708,1.1550087556755189,0.11282770028051389,0.997699163668203,29.260009765625,1.1023927057936587,0.9313052257423925,1858.183349609375
48,2018-08-19,1826.719970703125,-22.4500732421875,1841.3435722788165,6.226122796943173,0.5397521667953946,0.0,1.011056447630357,50.300048828125,9.943795456277941,1.0,1843.4866536458333
49,2018-08-20,1821.550048828125,-26.2099609375,1838.2976967350003,4.207134389479734,0.5144164425778123,0.0,1.014743463704732,55.469970703125,-7.342827247593077,1.0,1840.0400390625
50,2018-08-21,1812.7900390625,-64.22998046875,1834.3726587119206,1.891689293550371,0.45555065643933923,0.0,1.018201209181505,64.22998046875,-1.4519543558112298,1.0,1834.2000325520833
51,2018-08-22,1811.800048828125,-37.969970703125,1830.89936321638,-0.021161991901180954,0.0,0.0,1.0151887454381965,37.969970703125,-1.1335262806017858,1.0,1824.4567057291667
52,2018-08-23,1809.43994140625,-17.280029296875,1827.597442098943,-1.7045340358524754,0.0,0.0,1.014550953886856,17.280029296875,-0.7295753346196676,1.0,1815.199951171875
53,2018-08-26,1809.4000244140625,-12.1500244140625,1824.7975009918152,-3.006785088637116,0.0,0.0,1.012237201220703,12.1500244140625,-0.5556812574117244,1.0,1813.4500325520833
54,2018-08-28,1821.6400146484373,8.849975585937273,1824.3116841815777,-3.0292657902164137,1.0074045793857127,1.0,1.0039244850606872,12.239990234374773,-0.39427992086090613,0.0,1817.5600179036458
55,2018-08-29,1819.3800048828125,7.5799560546875,1823.5528986323607,-3.190320598571134,2.1663605919844913,1.0,1.0036116744622596,12.239990234374773,-0.23110193270697338,0.18464146803628684,1816.8066813151042
56,2018-08-30,1817.0699462890625,7.6300048828125,1822.5554483184496,-3.4622056125465406,1.7560727858631746,0.8106096429009202,1.0015883040585238,12.239990234374773,-0.07178160029449336,0.3733718958811093,1816.0366617838542
57,2018-09-02,1849.1800537109373,39.78002929687477,1826.6517952361307,-1.1015861978457906,9.620442208394392,1.0,0.9841643087297918,39.78002929687477,0.17207867967129872,0.0,1835.9200439453125
58,2018-09-03,1846.9200439453125,25.280029296875227,1829.7701508145622,0.5817103737281286,6.493351444095304,0.6369352023069006,0.9864623119849089,32.11010742187477,0.3218639984101135,0.07038312690555366,1837.7233479817708
59,2018-09-04,1863.010009765625,43.6300048828125,1834.884202111399,3.165471461851439,7.057031026594659,0.6740474608866128,0.9801681167161519,45.9400634765625,0.3244181892812907,0.0,1847.6966552734375
60,2018-09-05,1882.1199951171875,65.050048828125,1842.1515199509565,6.6649076277458335,14.728457716759056,1.0,0.9738996520180173,65.050048828125,0.3370477428863595,0.0,1860.4366455078125
61,2018-09-06,1877.1800537109373,28.0,1847.5406962964266,8.939308247124472,9.348682648943713,0.3467266979087587,0.9799454267333314,35.199951171875,0.4829265214666713,0.1403394391693723,1868.7400309244792
62,2018-09-09,1872.949951171875,26.0299072265625,1851.4499174816328,10.284086778845676,3.0795963048006163,0.0,0.9855495650648242,35.199951171875,0.6253531090689362,0.260512973456606,1867.3299967447917
63,2018-09-10,1827.0,-36.010009765625,1847.6883061827175,7.579469039371816,0.6386058470621845,0.0,1.0112999492743397,55.1199951171875,2.033410979215291,1.0,1845.3733317057292
64,2018-09-11,1876.47998046875,-5.6400146484375,1852.117879759718,9.29665295721793,1.2443753972489884,0.042993322838945955,0.9875559681928145,55.1199951171875,2.1391529605652595,0.10232248091543884,1861.8666585286458
65,2018-09-12,1875.0699462890625,-2.1101074218747726,1855.6490244053211,10.424043893614908,0.8752866588640751,0.027173217548525336,0.9912686199922359,50.18005371093727,2.24239001918717,0.042050720671405986,1859.75
66,2018-09-13,1907.260009765625,34.31005859375,1863.5892853797577,13.742484432397305,1.583056887176849,0.38691304061454407,0.9792671134671601,80.260009765625,0.5299376460635995,0.0,1880.5066731770833
67,2018-09-16,1911.6099853515625,84.6099853515625,1870.9771714896306,16.53077818365159,1.8163016498570776,1.0,0.9803045662653596,84.6099853515625,0.608424707491877,0.0,1883.4066569010417
68,2018-09-17,1892.77001953125,16.2900390625,1874.3299504102602,17.03067564119874,4.247902199074074,1.0,0.9924845468454824,36.5400390625,0.7478754353132625,0.5155978565892508,1893.1499837239583
69,2018-09-18,1867.4000244140625,-7.669921875,1873.2637990517214,15.212882270455793,0.8009654312464712,0.0,1.0062032622986623,44.2099609375,1.1751122859218606,1.0,1882.1366780598958
70,2018-09-20,1887.4100341796875,-19.8499755859375,1875.4401582861237,15.20524155137241,1.2791246051556184,0.1387200305999527,0.995815941661644,44.2099609375,1.301151572373253,0.5473868480925979,1888.8066813151042
71,2018-09-23,1894.8499755859373,-16.760009765625227,1878.4263018673419,15.617211207102628,0.7192932561684029,0.0,0.9928384921840792,44.2099609375,1.4242073305191865,0.37910030703983194,1891.2866617838542
72,2018-09-25,1917.6300048828125,24.8599853515625,1884.4576712869978,17.57297228248376,1.136168849815555,0.11814162475705553,0.9833742657578588,50.22998046875,1.092952967604106,0.0,1900.8866780598958
73,2018-09-26,1907.6500244140625,40.25,1888.0257408787866,18.111200773355904,1.4209339507643644,1.0,0.9927465605594866,50.22998046875,1.2209343741388141,0.19868573261657804,1897.5600179036458
74,2018-09-27,1920.699951171875,33.2899169921875,1893.0525606590656,19.36438987927022,6.340684475757131,1.0,0.9883037672804778,33.2899169921875,1.1306066097486,0.0,1909.6033121744792
75,2018-09-30,1885.47998046875,-9.369995117187273,1891.8875447536313,17.323381393947102,0.9572996505328427,0.042339411200391926,1.0073169806366136,35.219970703125,1.424111250899287,1.0,1897.219970703125
76,2018-10-01,1867.219970703125,-50.4100341796875,1888.0925235253744,14.073830371126405,0.5646072819045017,0.0,1.0150234181335496,53.47998046875,-1.999329831677847,1.0,1885.046630859375
77,2018-10-02,1866.9300537109373,-40.71997070312523,1884.8367517984773,11.344443968197766,0.20470512543107586,0.0,1.0127878118132267,53.76989746093773,-1.7110919674722358,1.0,1884.8533528645833
78,2018-10-03,1873.199951171875,-47.5,1883.0464714568568,9.575869345729643,0.3593055804650831,0.02519572609477443,1.0083531103492975,53.76989746093773,-1.5167489106367558,0.8833939107752135,1886.9433186848958
79,2018-10-04,1843.6800537109373,-41.79992675781273,1876.9900899863987,5.73088076697195,0.07527809939763683,0.0,1.0232116989078042,41.79992675781273,-0.10312780726564336,1.0,1857.6133626302083
80,2018-10-07,1808.5799560546875,-58.6400146484375,1866.4654400137997,-0.14173475972552296,0.07538659793814685,0.0002217291434657119,1.0387110538842528,64.6199951171875,0.1125754141967824,1.0,1830.1199544270833
81,2018-10-08,1857.010009765625,-9.920043945312273,1865.010756801796,-0.884223108471133,0.8427056730519694,1.0,1.0095842164265394,64.6199951171875,0.263757347206742,0.25054074016702965,1846.2633056640625
82,2018-10-09,1836.3900146484373,-36.80993652343773,1860.6075615127404,-3.0981831018739285,0.6417170042074462,0.7381007983757262,1.0164964858727974,64.6199951171875,0.4113611005913349,0.5696369437460247,1839.3899739583333
83,2018-10-10,1829.97998046875,-13.700073242187273,1855.8956221748535,-5.3080208760407,0.528423794980534,0.5904735653751798,1.0158127476953807,48.4300537109375,0.55547133403335,0.5581251150000378,1831.8566487630208
84,2018-10-11,1793.469970703125,-15.1099853515625,1846.2916692536003,-9.887419067594692,0.49097715516174656,0.5416137441415122,1.0293977731987503,63.5400390625,0.5277921948264138,1.0,1814.6499837239583
85,2018-10-14,1848.81005859375,-8.199951171875,1846.6791139907507,-8.953390459786988,1.6331457004533927,1.0,0.9966015672559656,63.5400390625,0.6691466188355119,0.12905171751325598,1833.0966796875
86,2018-10-15,1854.22998046875,17.839965820312727,1847.8407863230652,-7.687698860350338,0.9562475985552908,0.40735707992618564,0.9929879369463245,60.760009765625,0.8071553938420312,0.0,1833.9766438802083
87,2018-10-21,1839.1099853515625,9.1300048828125,1846.4975856193832,-7.813320571393433,1.0468636952534829,0.48669396682588023,0.9996389616373674,60.760009765625,0.9418976941139854,0.24884780590903793,1828.9366455078125
88,2018-10-22,1861.050048828125,67.580078125,1848.7364268946887,-6.074204731444524,1.6017831768541655,0.9725412473242125,0.9872012883351802,67.580078125,1.3773682463052979,0.0,1838.5233561197917
89,2018-10-23,1861.050048828125,12.239990234375,1850.6308308287087,-4.642433894222904,5.469583329969401,1.0,0.9881346321282783,21.9400634765625,1.4986144692486651,0.0,1853.7366943359375
90,2018-10-24,1930.050048828125,75.820068359375,1862.8491751136175,2.0318512537296556,6.373016962288982,1.0,0.959102079126075,90.9400634765625,-0.2700640636770465,0.0,1899.7366943359375
91,2018-10-25,1894.800048828125,55.6900634765625,1867.7646951863187,4.428012592944469,1.8054411811036981,0.1424250200506217,0.9789391865922117,90.9400634765625,-0.1098258960278735,0.38761793924945737,1887.9866943359375
92,2018-10-28,1894.9100341796875,33.8599853515625,1871.9409019327275,6.263629011606099,2.582980108599291,0.2056484707876678,0.9819706407926302,69.0,0.046619690940961474,0.5092755746150363,1895.3367106119792
93,2018-10-29,1851.18994140625,-9.860107421875,1868.748445983654,4.145083432913225,0.8751412455578176,0.0,1.0063078752396646,78.860107421875,0.21733853156440008,1.0,1877.4766438802083
94,2018-10-30,1833.3299560546875,-96.7200927734375,1863.299446834806,1.014181283707103,0.713724358069266,0.0,1.0182853386382082,96.7200927734375,1.3693114075133888,1.0,1865.5699869791667
95,2018-10-31,1832.3199462890625,-62.4801025390625,1858.533369310999,-1.5308693202703125,0.0011241338180874502,0.0,1.017946678844918,62.590087890625,2.087224571863263,1.0,1853.1833089192708
96,2018-11-01,1842.9599609375,-51.9500732421875,1856.1374601106465,-2.6590690231207645,0.17175243496678613,0.06608745910513401,1.0114582201801514,62.590087890625,2.191669234518427,0.8300047977719615,1856.72998046875
97,2018-11-04,1837.9200439453125,-13.2698974609375,1853.3347804830207,-3.914521939990209,0.15732683543161408,0.17871812750050775,1.0141670819429631,18.8699951171875,2.293641809348016,0.7032273924040806,1840.4766438802083
98,2018-11-05,1875.5400390625,42.2100830078125,1856.7509743350347,-1.853862985304886,2.0184101700107213,1.0,0.9945972722439839,43.2200927734375,0.28163472750691276,0.0,1861.1333414713542
99,2018-11-11,1839.4166259765625,7.0966796875,1854.084151362427,-3.0986905377794756,1.144325062810434,0.5667024450087358,1.0129535844341782,43.2200927734375,0.4288150022127489,0.835801377736479,1849.0922037760417
100,2018-11-12,1825.7664794921875,-17.1934814453125,1849.7275862544204,-5.127137735687029,0.8804405922072369,0.388544533895984,1.0148150535289284,49.7735595703125,0.7861461125108709,1.0,1842.357666015625
101,2018-11-13,1862.33154296875,24.4114990234375,1851.6666565953294,-3.742121775769192,1.3534091111546618,0.6426806653413761,0.9931467165523309,49.7735595703125,0.9213853124337003,0.2653717396902476,1854.5460205078125
102,2018-11-14,1854.3697509765625,-21.1702880859375,1852.0825172833686,-3.2492683110049256,1.2849156813991645,0.35543576654540077,0.9952246188976273,49.7735595703125,1.0534235845041058,0.4253320089761984,1851.89208984375
103,2018-11-15,1854.7474365234373,15.330810546874773,1852.4925048704454,-2.7959811394073313,0.6398635848514025,0.0,0.9952137643508915,36.5650634765625,1.182336689252189,0.20741401010212912,1847.6151529947917
104,2018-11-18,1855.0283203125,29.2618408203125,1852.8826303324747,-2.3865781799838715,1.7223643706402327,1.0,0.9962327768328166,36.5650634765625,1.3081985943635748,0.19973225701990713,1847.7087809244792
105,2018-11-19,1835.385498046875,-26.946044921875,1850.1907637720838,-3.605155242545152,1.34845690886498,0.6545892005955615,1.0070617708329592,26.946044921875,1.4310815170493114,1.0,1844.3675130208333
106,2018-11-20,1834.5728759765625,-19.796875,1847.7880117620668,-4.583600338812403,0.023174995919138807,0.0,1.0070506794910925,20.4554443359375,1.7963023812875838,1.0,1841.391357421875
107,2018-11-21,1811.637939453125,-43.10949707031227,1842.2264620948442,-7.127099677538126,0.01517777265131353,0.0,1.0183489817153066,43.390380859375,-0.21802803776509455,1.0,1826.1013997395833
108,2018-11-22,1832.38037109375,-22.64794921875,1840.7116788451858,-7.384323561298743,0.4845155772617606,0.2749188666097374,1.004465946654622,43.390380859375,-0.05902146011892663,0.5219578342063952,1833.0155436197917
109,2018-11-25,1803.511962890625,-31.87353515625,1834.988645561559,-9.804139856281154,0.2870575594988715,0.2039181289670969,1.0185533867095518,31.87353515625,0.11718305183096087,1.0,1814.136474609375
110,2018-11-26,1790.2078857421875,-44.364990234375,1828.0992978360791,-12.649373207324743,0.31466046439278766,0.6380962470944491,1.024136567043629,44.364990234375,0.22165725155450697,1.0,1804.9962158203125
111,2018-11-27,1800.283447265625,-11.3544921875,1823.8199361778145,-13.930769671851749,0.47334070796460176,0.9761901360014371,1.0149582564919992,42.1724853515625,0.3702570844232299,0.7610868451445393,1807.6239013671875
112,2018-11-28,1797.032958984375,-35.347412109375,1819.6988627373307,-15.035209473855275,0.67846709934024,1.0,1.0136034848566982,42.1724853515625,0.5153397628175906,0.8381628878333435,1806.5404052734375
113,2018-11-29,1787.4656982421875,-16.0462646484375,1814.739914326879,-16.492254853679697,0.18322456046883323,0.0,1.0152646272235748,16.0462646484375,0.5995138986010017,1.0,1792.814453125
114,2018-12-02,1754.204345703125,-36.0035400390625,1805.42674988098,-20.098836802983442,0.16967029623797708,0.0,1.0287674310922377,46.0791015625,0.37908060220080114,1.0,1769.5640462239583
115,2018-12-03,1752.16796875,-48.115478515625,1797.2330912139962,-22.857876715422663,0.20940374769764716,0.0780929660277053,1.025213665269588,48.115478515625,0.508539781358013,1.0,1768.2064615885417
116,2018-12-04,1748.3541259765625,-48.6788330078125,1789.7132503838152,-25.063224447145103,0.0,0.0,1.0225186327235638,48.6788330078125,0.6093525022287098,1.0,1764.5804036458333
117,2018-12-05,1737.6280517578125,-49.837646484375,1781.7001428808715,-27.360983755777397,0.0,0.0,1.0245712135227218,49.837646484375,0.6230518701011637,1.0,1754.2406005859375
118,2018-12-06,1738.278564453125,-15.92578125,1775.0199000303003,-28.797521505831128,0.013052636735493667,0.06233239318304868,1.0187742846231926,16.5762939453125,0.7621512379866267,0.9607564454721524,1743.3703206380208
119,2018-12-09,1747.2271728515625,-4.9407958984375,1770.7440958405432,-28.881046539204135,0.5790872872681214,1.0,1.0103351466836579,14.5399169921875,0.8979583133034186,0.33980908564280377,1745.6743977864583
120,2018-12-10,1771.0950927734375,22.740966796875,1770.7980953687706,-26.713519134906846,2.3017353560964144,1.0,0.9956403526105619,33.467041015625,2.2062970699891467,0.0,1759.9394124348958
121,2018-12-11,1756.4149169921875,18.786865234375,1768.585298692333,-25.88186142328709,1.3172759071340714,0.5722968557810578,1.0014643309114308,33.467041015625,2.3079231831821545,0.43864576418322015,1755.0460205078125
122,2018-12-12,1719.1446533203125,-19.1339111328125,1760.9790455491097,-27.908237599858012,0.6442109319560692,0.27577360980678733,1.018644973068329,51.950439453125,0.9751310139764288,1.0,1736.4614664713542
123,2018-12-13,1717.2982177734375,-29.928955078125,1754.2589181922283,-29.325091037241236,0.610008077984316,0.017949569198557322,1.0156542952083034,53.796875,1.0409161354995111,1.0,1735.2305094401042
124,2018-12-16,1747.67431640625,-23.4207763671875,1753.2459025319824,-27.677952873029426,1.0083117012779552,0.2354419819594861,0.9976276997024786,53.796875,1.170125223687893,0.4353557036015103,1745.3558756510417
125,2018-12-17,1748.3843994140625,-8.030517578125,1752.4979789748393,-26.015398203915083,0.5778436320069706,0.0,0.9970061227702891,39.11669921875,1.296276108524422,0.20529640124327495,1740.6991780598958
126,2018-12-18,1742.8428955078125,23.6982421875,1751.012581517466,-24.858387382197407,0.6960911874043297,0.27469529992692887,0.9998599601929459,31.086181640625,1.4194411734902375,0.17826261103126545,1736.1751708984375
127,2018-12-19,1737.30126953125,20.0030517578125,1748.9031489031115,-24.110654673699855,2.404271188360917,1.0,1.0030304935956873,31.086181640625,1.5396910888581967,0.35652914889773735,1734.3279622395833
128,2018-12-20,1708.3734130859375,-39.3009033203125,1742.6678049285108,-25.55758794580288,0.7769411477560484,0.10900925966455047,1.0182642866253258,40.010986328125,1.0514524717886644,1.0,1721.7104085286458
129,2018-12-23,1772.2945556640625,23.91015625,1747.2257665818215,-21.301059376066405,1.6153369740976904,0.568045164715891,0.9829530692171724,63.921142578125,-4.028990614539382,0.0,1750.9875081380208
130,2018-12-24,1739.6390380859375,-3.203857421875,1746.0585775820891,-20.328322724011286,0.8796507213363705,0.10745912832912613,0.9995963125151611,63.921142578125,-3.779783740186764,0.5108719315868475,1740.1023356119792
131,2018-12-25,1718.138671875,-19.16259765625,1741.7632074721678,-21.049611557668413,0.721251096734383,0.0,1.0098772418485211,63.921142578125,-3.536475252629423,0.8472295957925453,1732.935546875
132,2018-12-26,1783.7572021484375,75.3837890625,1748.2238220391966,-16.140488417558572,1.5591458988983606,0.9371524854356952,0.9763494694522287,75.3837890625,-0.5750160326218379,0.0,1758.6292724609375
133,2018-12-27,1720.12255859375,-52.1719970703125,1743.9005507390768,-17.18648408774652,1.099746098202997,0.42333181974063816,1.0126329797425977,65.6185302734375,-0.40756003220717646,0.9697663646155592,1740.6728108723958
134,2018-12-30,1740.91259765625,1.2735595703125,1743.4408656493374,-16.15172047532633,0.7335782535701701,0.014712057890740638,1.0001516805038664,65.6185302734375,-0.24406748727926514,0.6529345340965534,1747.6028238932292
135,2018-12-31,1721.6383056640625,3.4996337890625,1740.0866256511472,-16.694452250967515,0.8275945522207451,0.12691743069859793,1.009795173040532,65.6185302734375,-0.08444458827471775,0.946666989119091,1741.1780598958333
136,2019-01-01,1716.725341796875,-67.0318603515625,1736.492581980846,-17.32132614330567,0.9839068605034214,0.303219982456722,1.011163669077793,67.0318603515625,0.05422387500662828,1.0,1739.0692952473958
137,2019-01-02,1710.9346923828125,-9.1878662109375,1732.5605989653811,-18.07699343005993,0.2220860271700436,0.0,1.0130448844201156,29.9779052734375,3.6608869194125115,1.0,1720.9273274739583
138,2019-01-03,1729.1845703125,-11.72802734375,1732.0412099418184,-17.007233792842726,1.3022896908937653,1.0,1.0035566955726174,29.9779052734375,3.7280848633714005,0.3912223765061345,1727.0106201171875
139,2019-01-06,1721.38916015625,-0.2491455078125,1730.4024330516168,-16.597131988769434,0.48314207323575886,0.24167298707892942,1.0051441323762802,18.2498779296875,3.793692323306607,0.4271486190912557,1720.5028076171875
140,2019-01-07,1739.038330078125,22.31298828125,1731.7310325942349,-14.678799911537226,1.940591511376234,1.0,0.9949085728252344,28.1036376953125,0.175436263882805,0.0,1729.6704508463542
141,2019-01-08,1727.077392578125,16.1427001953125,1731.0150879763362,-13.962686250823936,1.4052159536699462,0.6884644462140965,1.0023164118619037,28.1036376953125,0.3251300801678116,0.42560104245846453,1725.6834716796875
142,2019-01-09,1732.5537109375,3.369140625,1731.2517992011406,-12.805658753973603,2.0942821482415166,1.0,0.9961928770922167,17.649169921875,0.4712808475685012,0.3674177975128301,1730.9937337239583
143,2019-01-10,1730.7724609375,9.38330078125,1731.1780548528857,-11.895314112985943,1.0737264503842754,0.3665630234828625,0.9978334502240295,17.649169921875,0.6139724252229048,0.4683432239144569,1730.3999837239583
144,2019-01-13,1717.90576171875,-21.132568359375,1729.1361636014185,-12.072911610640176,0.8690889072391963,0.0,1.003967744383534,21.132568359375,1.7436674868013586,1.0,1724.949951171875
145,2019-01-14,1736.7470703125,9.669677734375,1730.3070723262301,-10.571479645913314,0.9138911826773098,0.036567517628044686,0.9939460262400129,18.84130859375,1.8562434044906166,0.0,1730.4666341145833
146,2019-01-15,1743.248046875,10.6943359375,1732.2979914876223,-8.75608076853814,2.1039534651155036,1.0,0.9917608241283613,25.34228515625,0.5088434080187876,0.0,1734.8006184895833
147,2019-01-16,1740.81005859375,10.03759765625,1733.6075402732042,-7.428456692504142,1.483224737082762,0.49733051768830655,0.994865952032142,25.34228515625,0.6506459309555387,0.09620238531049498,1733.9879557291667
148,2019-01-17,1738.0859375,20.18017578125,1734.2965244619527,-6.520947292865458,1.4056550117812745,0.4345141344609102,0.9969373525115182,25.34228515625,0.7890921811647329,0.2036954971965858,1733.0799153645833
149,2019-01-20,1743.62744140625,6.88037109375,1735.7320501457095,-5.293569526692181,5.982784714339765,1.0,0.9950443425543182,6.88037109375,0.8724567939499425,0.0,1741.333984375
150,2019-01-21,1718.5625,-24.685546875,1733.0905808924942,-6.2710890561511405,0.39840077538163315,0.0,1.0083654438438738,25.06494140625,-0.1594542989201997,1.0,1726.91748046875
151,2019-01-22,1733.5618896484375,-7.2481689453125,1733.163089931871,-5.768963091184332,0.6795533478717389,0.050346211070609145,1.0000147662132421,25.06494140625,-0.0018340788342721265,0.40157890635653476,1731.9172770182292
152,2019-01-23,1733.7738037109375,-4.3121337890625,1733.2570458978819,-5.2929116436027925,0.7467976876581389,0.06238770759402792,0.9999629094403852,25.06494140625,0.15205548516294384,0.393124306001987,1731.9879150390625
153,2019-01-24,1736.06494140625,-7.5625,1733.689029822249,-4.676851138543952,0.9193696062961447,0.09329029604861082,0.9989480829630814,25.06494140625,0.30230269262169696,0.3017162449106812,1732.7516276041667
154,2019-01-27,1723.5406494140625,4.9781494140625,1732.127740528673,-5.139967888194633,0.46562379234308987,0.12903462351759715,1.0065339825181872,17.50244140625,0.4489937531625034,0.7155739991630632,1726.0560302734375
155,2019-01-28,1721.9805908203125,-11.581298828125,1730.566640573533,-5.568681845572428,1.2426871441076799,1.0,1.0065883408777465,14.0843505859375,0.5922128359418541,1.0,1726.6753743489583
156,2019-01-29,1720.2900390625,-13.4837646484375,1728.9856249564448,-5.975966131550649,0.15867304299377843,0.0,1.0062429856883917,15.77490234375,0.5985847690497434,1.0,1725.54833984375
157,2019-01-30,1725.9783935546875,-10.0865478515625,1728.5229739715573,-5.7731915923886845,0.5058346488377132,0.3202556179732363,1.0020673637114932,15.77490234375,0.7382632360682754,0.6394047729594206,1727.4444580078125
158,2019-01-31,1727.8736572265625,4.3330078125,1728.4230790877116,-5.397342811184444,0.4807394682267001,0.2971053835019079,1.0003771881096235,7.5836181640625,0.874635703868275,0.0,1725.3457845052083
159,2019-02-03,1710.620361328125,-11.3602294921875,1725.6841994323838,-6.417691745905813,0.3698621165936369,0.19482133431921841,1.0085374415149155,17.2532958984375,0.43584716409729213,1.0,1716.3714599609375
160,2019-02-04,1710.9720458984375,-9.3179931640625,1723.4207911963874,-7.1159197510842205,0.4188854808361472,0.7495426725251014,1.0078865060016269,17.2532958984375,0.5793774087406618,0.9796163833053864,1716.4886881510417
161,2019-02-05,1712.2828369140625,-13.695556640625,1721.7072597683343,-7.477307157401128,0.5359030416233311,1.0,1.0058722162032836,17.2532958984375,0.719510487831255,0.9036430143131053,1716.9256184895833
162,2019-02-06,1698.38232421875,-29.4913330078125,1718.1188081453158,-8.784103040857872,0.11419917558735482,0.0,1.0120210034422117,29.4913330078125,0.4589859413650777,1.0,1708.2127685546875
163,2019-02-07,1700.8853759765625,-9.7349853515625,1715.467510888581,-9.508169107532012,0.13370844631130197,0.046262963883482104,1.0084633871677442,13.9005126953125,0.601968522639063,0.819930975736127,1703.8501790364583
164,2019-02-10,1712.5692138671875,1.59716796875,1715.0216190391354,-9.035060657953181,1.14020004742125,1.0,1.0009426013304805,14.1868896484375,0.752109393191614,0.0,1707.8402506510417
165,2019-02-11,1725.90625,13.6234130859375,1716.6961776485007,-7.497507643820882,2.074363545353157,1.0,0.9934352168923934,27.52392578125,20.506630396666903,0.0,1716.7316080729167
166,2019-02-12,1718.5555419921875,20.1732177734375,1716.9822337013757,-6.7938102524435635,1.2951691653742317,0.6024851833869308,0.9975834694933879,27.52392578125,20.17511251758193,0.26706611790168355,1714.2813720703125
167,2019-02-13,1718.34375,17.4583740234375,1717.191697747318,-6.181953085751957,3.6395273760330578,1.0,0.9972621227517414,25.0208740234375,19.851441215498184,0.3022476350312971,1715.0451253255208
168,2019-02-14,1691.3017578125,-21.2674560546875,1713.208630065036,-7.78931965320794,0.7230527726823761,0.0,1.0110448581407743,34.6044921875,0.7894793522594206,1.0,1702.8365885416667
169,2019-02-17,1696.80615234375,-29.10009765625,1710.685171954068,-8.52078904700943,0.5444793283476789,0.0,1.0069509251497601,34.6044921875,0.9246396042801832,0.8409341046987442,1704.67138671875
170,2019-02-18,1706.30126953125,-12.2542724609375,1710.0107254274806,-8.239330661186841,0.4334556229716382,0.0,1.0010737715355966,27.2537841796875,1.0566007970815576,0.44963563151977715,1705.3861897786458
171,2019-02-19,1729.352294921875,11.008544921875,1712.9863515035424,-6.086094113038598,1.3961561028921048,0.300274152941587,0.9887172197864112,38.050537109375,-1.3769679678691469,0.0,1716.6687825520833
172,2019-02-20,1721.5196533203125,30.2178955078125,1714.2991671676612,-4.954553392886737,1.0910662844381906,0.6830895747770697,0.9945597325446232,38.050537109375,-1.1905308562071575,0.20584838471656347,1714.0579020182292
173,2019-02-24,1702.3848876953125,5.5787353515625,1712.4662010949917,-5.5379743804192,1.4109824051566877,1.0,1.0058266432725174,32.546142578125,-1.0085064572463334,0.8285899676690996,1709.5144449869792
174,2019-02-25,1703.90771484375,-2.3935546875,1711.1495109024927,-5.810480826092316,1.263338719971754,0.8489620050563647,1.0044193780782513,26.9674072265625,-0.8307903280826888,0.9435308283201383,1711.8816324869792
175,2019-02-26,1676.96826171875,-52.384033203125,1705.8908571819159,-8.106780293565635,0.4558576103078543,0.0,1.017636509512056,52.384033203125,0.2404616019987818,1.0,1694.4296061197917
176,2019-02-27,1684.0325927734375,-37.487060546875,1702.5280472729187,-9.249954568418616,0.15929620362088293,0.0,1.011317619863442,44.5513916015625,0.38861635698143615,0.8414341101201485,1694.1735026041667
177,2019-03-03,1688.2633056640625,-14.12158203125,1700.333471640787,-9.702698897145183,0.2782005086901229,0.09499529908002961,1.0070015638904075,26.939453125,0.5332644905445216,0.5807248241861814,1689.7130940755208
178,2019-03-05,1692.6778564453125,-11.2298583984375,1699.155684687637,-9.594683468810445,0.6396722975422315,0.43510651701087416,1.0044565730282018,26.939453125,0.6744889996446671,0.41685547016602625,1691.1846110026042
179,2019-03-06,1718.12255859375,41.154296875,1702.0736652885776,-7.370939865259743,1.5276589574421808,1.0,0.9908216564853931,41.154296875,-6.6223432573737435,0.0,1704.4044596354167
180,2019-03-07,1718.518310546875,34.4857177734375,1704.6036107129312,-5.513121365764391,inf,,0.991304388901288,34.4857177734375,-4.590929977810148,0.0,1707.0230712890625
181,2019-03-10,1724.059814453125,35.7965087890625,1707.5968728268072,-3.552681021420085,inf,,0.9878111428202843,35.7965087890625,-0.6918461985393605,0.0,1712.1276448567708
182,2019-03-11,1733.9415283203125,41.263671875,1711.649896748885,-1.1879527956075435,inf,,0.9828980131506685,41.263671875,-0.09920090885603126,0.0,1720.1869710286458
183,2019-03-12,1756.883056640625,38.760498046875,1718.608844424538,2.5083846370930587,inf,,0.9731652277808558,38.760498046875,0.11764283532688626,0.0,1743.962890625
184,2019-03-13,1714.4342041015625,-4.0841064453125,1717.966592067157,1.9895587077269283,0.9131106196853406,,0.9978744852575484,42.4488525390625,0.28380064629095136,1.0,1728.5838216145833
185,2019-03-14,1754.519775390625,30.4599609375,1723.5901587323062,4.7581057116713055,1.8481139698798819,,0.9794961130662395,42.4488525390625,0.4309296250770852,0.05567361915908679,1741.9456787109375
186,2019-03-17,1734.1627197265625,0.22119140625,1725.2167065775764,5.2490479775196945,1.1608591542178324,,0.9938849990155748,42.4488525390625,0.574576261170092,0.5352403081603837,1735.1599934895833
187,2019-03-18,1727.02392578125,-29.859130859375,1725.4947403012186,5.004394971291731,0.9010989778127603,,1.0002376627287108,42.4488525390625,0.7148229768822225,0.7034143227286975,1732.7803955078125
188,2019-03-19,1727.02392578125,12.5897216796875,1725.7299996058387,4.755685120391945,0.5731037527902029,0.0,1.0022264058389372,40.0855712890625,0.8517502437017712,0.6859288448479053,1731.9926350911458
189,2019-03-21,1728.0576171875,-26.462158203125,1726.088094618402,4.589090809821073,1.4954716176979836,0.7234199793419421,1.0022018192956212,27.495849609375,0.9854366284664251,0.962405547712279,1736.5337727864583
190,2019-03-24,1708.9671630859375,-25.195556640625,1723.4541051518688,2.8833862247424804,0.022188740550526026,0.0,1.0128382864427419,25.195556640625,-1.7019483386857361,1.0,1717.3656819661458
191,2019-03-25,1717.510009765625,-9.513916015625,1722.5396289386006,2.1956292953441334,0.36510913575650394,0.23275937060365076,1.00741910250307,19.0904541015625,-1.5078193839242362,0.552506889870771,1718.1782633463542
192,2019-03-26,1719.4495849609375,-7.5743408203125,1722.0642375574216,1.7864908770611692,0.6032393582668858,0.39439175376922797,1.005439888068287,19.0904541015625,-1.3182851973227043,0.4509076725345133,1718.8247884114583
193,2019-03-27,1736.5562744140625,8.4986572265625,1724.2937816892127,2.8102177442560787,1.4993254001240497,1.0,0.9943648504003516,27.589111328125,1.305440330979714,0.0,1727.3599039713542
194,2019-03-28,1722.51611328125,13.5489501953125,1724.0202942418337,2.4602451376308636,0.8327376697641172,0.5487298172178677,1.0029390712906634,27.589111328125,1.4283884888264962,0.5089022609619044,1722.6798502604167
195,2019-03-31,1719.8011474609375,2.2911376953125,1723.3711947370805,1.9414346801211195,1.6466071194393042,1.0,1.002503603797422,19.0462646484375,1.5484266311029329,0.8797067174271119,1724.6224772135417
196,2019-04-01,1753.4742431640625,34.024658203125,1728.002432956616,4.199006866384934,3.146461408442495,1.0,0.9843532103292981,34.024658203125,0.3763579620616012,0.0,1742.1326904296875
197,2019-04-02,1773.4798583984375,36.923583984375,1734.9989599476655,7.515797243921952,4.22470092817905,1.0,0.975868761945182,53.6787109375,0.32367836554655227,0.0,1755.5869547526042
198,2019-04-03,1757.667724609375,35.151611328125,1738.486462203313,8.767405526051562,1.6482415073971761,0.2404223676686122,0.9863911986084409,53.6787109375,0.4698634929892586,0.2945699237724453,1750.3162434895833
199,2019-04-04,1734.1905517578125,14.389404296875,1737.8255529040052,7.775274300475985,1.2779345479062711,0.0,1.0000984409307605,53.6787109375,0.6125886174155748,0.7319346153146433,1742.4905192057292
200,2019-04-07,1747.1922607421875,-6.281982421875,1739.2665848791103,7.946529577895717,1.6971645881102846,0.14226782381208167,0.9948440225559996,39.289306640625,0.751935632388017,0.6690776677913862,1751.6208902994792
201,2019-04-08,1741.68798828125,-31.7918701171875,1739.6391084794395,7.551058006597714,0.7368762416575599,0.0,0.9993762295075073,39.289306640625,0.8879844931599298,0.8091736107227411,1749.7861328125
202,2019-04-09,1740.7822265625,-16.885498046875,1739.8149727999105,7.082909177739566,0.2845053944103278,0.0,1.0011216867192765,23.4771728515625,1.0208132625526265,0.7192304692577668,1744.2135009765625
203,2019-04-10,1741.00341796875,6.8128662109375,1739.9978105181933,6.6530538883937425,0.44242676730546165,0.11179014273181853,1.0012499316379546,13.001708984375,1.1504981557466794,0.4760022533095484,1740.79541015625
204,2019-04-11,1729.5245361328125,-17.667724609375,1738.386537535827,5.324760241900776,0.7391672239433352,0.32184820766442823,1.0083004658650865,17.667724609375,1.8597793654467822,1.0,1735.4137776692708
205,2019-04-15,1752.011962890625,10.323974609375,1740.4827568211806,6.017261892842953,1.2694239351466434,1.0,0.9971972304163141,22.4874267578125,1.2759041043777715,0.0,1744.5161539713542
206,2019-04-16,1766.014892578125,25.232666015625,1744.4107777068643,7.608290078224627,2.964279729929525,1.0,0.9900004520572545,36.4903564453125,0.7000304351832501,0.0,1753.8514404296875
207,2019-04-17,1767.64013671875,26.63671875,1747.9845252471544,8.89776706050452,3.339767107991705,1.0,0.9887598349450171,38.1156005859375,0.7895046314887737,0.0,1754.9349365234375
208,2019-04-18,1784.0040283203125,54.4794921875,1753.5259872584093,11.112023532708008,4.746062636252459,1.0,0.9811666186894017,54.4794921875,0.579109654481822,0.0,1765.8441975911458
209,2019-04-21,1818.803955078125,66.7919921875,1763.5687515383656,15.496269393062903,inf,,0.9670456981449621,66.7919921875,0.42308182155102797,0.0,1796.5399576822917
210,2019-04-22,1793.8321533203125,27.8172607421875,1768.224659504819,16.762571786867966,2.6746965571518655,,0.9831078824855106,52.7890625,0.5669142044729021,0.47304878274382123,1792.8836669921875
211,2019-04-23,1776.4599609375,8.81982421875,1769.4916289560008,16.177846773529154,1.246671778875814,,0.9946791742597281,51.163818359375,0.7073422706392297,0.8276159891585985,1787.6346842447917
212,2019-04-24,1836.5743408203125,52.5703125,1779.812046165895,20.330814726788276,2.6279570574431657,,0.9673373404983124,60.1143798828125,0.6433195990995141,0.0,1816.5362141927083
213,2019-04-25,1858.0721435546875,39.2681884765625,1791.8520611487863,25.067798668769456,2.749200016143819,,0.962445843256636,81.6121826171875,0.6004023982421305,0.0,1830.8680826822917
214,2019-04-28,1948.4716796875,154.6395263671875,1815.9473870778193,35.704796520482205,4.0622459510727,1.0,0.9290299388292608,172.01171875,0.3978523236323293,0.0,1891.1344401041667
215,2019-04-29,1955.857177734375,179.397216796875,1837.471970255751,44.2208909746887,10.326688355947807,1.0,0.9359441311535326,179.397216796875,0.5220218922725338,0.0,1896.05810546875
216,2019-04-30,1930.97607421875,94.4017333984375,1851.8572170192895,48.404285691558925,7.210179270554297,0.5951918615475198,0.9565468934079697,119.2828369140625,0.6635124983725948,0.20858913284859773,1907.8025309244792
217,2019-05-02,1944.6064453125,86.5343017578125,1866.1263290643988,52.217581345215876,5.341933806285754,0.3421626895184378,0.9589425152803954,97.7850341796875,0.8016542143874476,0.11505577020304474,1919.5119222005208
218,2019-05-05,1924.9967041015625,-23.4749755859375,1875.1833098393472,53.04582421632699,2.504232184355871,0.0,0.9760354703326463,30.8604736328125,0.9365263039877477,1.0,1935.2835286458333
219,2019-05-06,1944.83447265625,-11.022705078125,1885.8988733496399,54.672721617483376,0.9182481912041902,0.0,0.9725599488428507,30.8604736328125,1.0682061547809398,0.3571787396809449,1941.8961181640625
220,2019-05-07,2045.9073486328125,114.9312744140625,1910.5155618547433,63.3870985882113,3.0240157599137376,0.3346774689920875,0.9368340340761047,120.91064453125,0.6071609314322873,0.0,2005.6038004557292
221,2019-05-08,2012.9163818359373,68.30993652343727,1926.2695341595424,66.86048386549805,2.5577795569789052,0.3706256520999369,0.9639353598412985,120.91064453125,0.7466364123451341,0.27285411408379795,1994.6068115234375
222,2019-05-09,2000.799560546875,75.8028564453125,1937.7356920652858,67.85327027277344,1.8682827642662865,0.45115832686334645,0.9779809219336751,120.91064453125,0.8828106984434758,0.37306713780918727,1990.56787109375
223,2019-05-12,2101.038818359375,156.204345703125,1962.8592499566842,75.85413156416053,4.902698884778484,1.0,0.9428861803969507,156.204345703125,0.7165630098123054,0.0,2048.970703125
224,2019-05-13,2121.68212890625,75.7747802734375,1987.2935390258483,82.90493784849264,4.920557042457438,1.0,0.94187601620637,120.882568359375,0.7622090300437715,0.0,2081.387939453125
225,2019-05-14,2139.251953125,126.33557128906273,2010.6717565795639,88.88586958666747,3.0693678066047307,0.3935049516749966,0.9427131693504136,138.452392578125,0.8135252511681177,0.0,2093.1011555989585
226,2019-05-15,2105.064453125,104.264892578125,2025.1937098942462,89.83163246626532,2.990053384301076,0.3675195994180368,0.9662933710369245,138.452392578125,0.9481163694836661,0.24692603257620777,2081.705322265625
227,2019-05-16,2092.502685546875,-8.5361328125,2035.5489369177276,88.54681416507333,2.9615949029950124,0.0,0.9791621606201736,46.749267578125,1.07952189920003,1.0,2108.0857747395835
228,2019-05-19,2080.313720703125,-41.368408203125,2042.4358267308658,85.55877057766975,0.64835902257975,0.0,0.9923653013479107,58.938232421875,1.3528989823107829,1.0,2099.9597981770835
229,2019-05-20,2075.7314453125,-63.5205078125,2047.5582295895788,81.87714442895958,0.2766008148205089,0.0,1.0008620596372984,63.5205078125,1.5586016686664426,1.0,2096.9049479166665
230,2019-05-21,2078.31591796875,-26.74853515625,2052.290181647913,78.26577537988919,0.040687216542393725,0.0,1.001176812703532,29.3330078125,1.6755578421891308,0.9118919998668309,2086.37060546875
231,2019-05-22,2130.54833984375,38.045654296875,2064.3298982934266,78.71112637120541,1.8687785065086395,0.6258641101343482,0.9821532153066339,54.81689453125,1.266566315285066,0.0,2112.2760416666665
232,2019-05-23,2166.382080078125,86.068359375,2080.0302339526106,81.0215871338803,5.405124099279424,1.0,0.9735508679156062,90.650634765625,0.9679900921733235,0.0,2136.1652018229165
233,2019-05-26,2134.02490234375,58.29345703125,2088.337106012786,79.32725493012026,2.45403294030561,0.4498786688178694,0.989858066030688,90.650634765625,1.0989252379207008,0.35694375244071586,2125.3794759114585
234,2019-05-27,2134.98388671875,56.66796875,2095.513533813704,77.1722725534944,2.8311993058437395,0.5201873281949357,0.9900364830036819,88.066162109375,1.226761326963998,0.35652959783099863,2126.5606282552085
235,2019-05-28,2118.878662109375,-11.669677734375,2099.108168936115,73.31969270180934,1.8369940857019071,0.0,0.996600063579288,47.50341796875,1.3515717097577502,1.0,2134.713134765625
236,2019-05-29,2123.90087890625,-42.481201171875,2102.9224320084436,69.86637030394286,0.8628326162960576,0.0,0.9951303626944911,47.50341796875,1.4734280006510583,0.8942767276203398,2136.38720703125
237,2019-05-30,2105.357666015625,-28.667236328125,2103.2970833941636,64.88534723682233,0.08926417809841322,0.0,1.0045056876261445,29.626220703125,2.107430275541816,1.0,2115.2330729166665
238,2019-06-02,2117.966064453125,-17.017822265625,2105.553849710927,61.2492002859492,0.5365205749718152,0.16311706004553714,1.0003035553461717,29.626220703125,2.2113964228662706,0.5744175889376921,2119.4358723958335
239,2019-06-03,2094.337646484375,-24.541015625,2103.828279983765,55.81748259320602,0.30253202738142115,0.12202563356911543,1.012477433164456,29.563232421875,3.6845218738924044,1.0,2104.1920572916665
240,2019-06-04,2127.0048828125,3.10400390625,2107.393911188186,53.53170001112949,1.1926940110574,1.0,0.9992165594684794,32.667236328125,3.1355308108885653,0.0,2116.1158040364585
241,2019-06-06,2130.635009765625,25.27734375,2110.969464815484,51.420379622524706,1.1596839088777606,0.9700840948888262,0.9975181850609613,36.29736328125,2.6408325748659873,0.0,2118.535888671875
242,2019-06-10,2096.5706,-21.395464453124987,2108.754254843871,46.46283520005181,0.8476922286409371,0.6124280875355328,1.010395748161754,36.29736328125,2.7321738156975623,0.938481660545892,2107.1810854166665
243,2019-06-11,2091.0569,-3.2807464843749585,2106.0315848678906,41.60938888649298,0.5742660541928429,0.30526357201784704,1.01100511407727,39.57810976562496,3.5990613847915087,1.0,2104.249603255208
